<?xml version="1.0" encoding="UTF-8" standalone="no"?>
<configuration version="1.0.10.0">
  <DisplayManager>
    <SystemInitScript/>
    <SystemStartScript/>
  </DisplayManager>
  <General>
    <HarmonyPath path="../.."/>
    <Processor name=""/>
    <ForceOptimization flag="true"/>
    <MergeStrategy flag="USER_ALL"/>
  </General>
  <Manifest>
    <Files>
      <File>
        <Name>osal_impl_basic.h</Name>
        <Path>Header Files/framework/osal/src</Path>
      </File>
      <File>
        <Name>peripheral_common_32bit.h</Name>
        <Path>Header Files/framework/peripheral</Path>
      </File>
      <File>
        <Name>driver_common.h</Name>
        <Path>Header Files/framework/driver</Path>
      </File>
      <File>
        <Name>sys_devcon.c</Name>
        <Path>Source Files/framework/system/devcon/src</Path>
      </File>
      <File>
        <Name>osal.h</Name>
        <Path>Header Files/framework/osal</Path>
      </File>
      <File>
        <Name>bsp_config.h</Name>
        <Path>Header Files/bsp/pic32mx470_pim+e16</Path>
      </File>
      <File>
        <Name>sys_ports.h</Name>
        <Path>Header Files/framework/system/ports</Path>
      </File>
      <File>
        <Name>bsp_sys_init.c</Name>
        <Path>Source Files/bsp/pic32mx470_pim+e16</Path>
      </File>
      <File>
        <Name>driver.h</Name>
        <Path>Header Files/framework/driver</Path>
      </File>
      <File>
        <Name>peripheral_common.h</Name>
        <Path>Header Files/framework/peripheral</Path>
      </File>
      <File>
        <Name>sys_common.h</Name>
        <Path>Header Files/framework/system/common</Path>
      </File>
      <File>
        <Name>sys_buffer.h</Name>
        <Path>Header Files/framework/system/common</Path>
      </File>
      <File>
        <Name>sys_clk.h</Name>
        <Path>Header Files/framework/system/clk</Path>
      </File>
      <File>
        <Name>osal_impl_none.h</Name>
        <Path>Header Files/framework/osal/src</Path>
      </File>
      <File>
        <Name>sys_clk_mapping.h</Name>
        <Path>Header Files/framework/system/clk</Path>
      </File>
      <File>
        <Name>osal_definitions.h</Name>
        <Path>Header Files/framework/osal</Path>
      </File>
      <File>
        <Name>gfx_palette.h</Name>
        <Path>Header Files/framework/gfx</Path>
      </File>
      <File>
        <Name>sys_devcon.h</Name>
        <Path>Header Files/framework/system/devcon</Path>
      </File>
      <File>
        <Name>system.h</Name>
        <Path>Header Files/framework/system</Path>
      </File>
      <File>
        <Name>sys_debug.h</Name>
        <Path>Header Files/framework/system/debug</Path>
      </File>
      <File>
        <Name>sys_module.h</Name>
        <Path>Header Files/framework/system/common</Path>
      </File>
      <File>
        <Name>sys_devcon_pic32mx.c</Name>
        <Path>Source Files/framework/system/devcon/src</Path>
      </File>
      <File>
        <Name>sys_devcon_local.h</Name>
        <Path>Header Files/framework/system/devcon/src</Path>
      </File>
      <File>
        <Name>peripheral.h</Name>
        <Path>Header Files/framework/peripheral</Path>
      </File>
      <File>
        <Name>drv_flash.h</Name>
        <Path>Header Files/framework/driver/flash</Path>
      </File>
      <File>
        <Name>sys_queue.h</Name>
        <Path>Header Files/framework/system/common</Path>
      </File>
    </Files>
    <Templates>
      <Template>
        <Name>system_interrupt.c</Name>
        <Path>Source Files/app/system_config/explorer1632</Path>
        <Checksum>C934CFD980878E57EE336D976F540A07</Checksum>
      </Template>
      <Template>
        <Name>main.c</Name>
        <Path>Source Files/app</Path>
      </Template>
      <Template>
        <Name>app.c</Name>
        <Path>Source Files/app</Path>
      </Template>
      <Template>
        <Name>drv_flash_static.c</Name>
        <Path>Source Files/app/system_config/explorer1632/framework/driver/flash/src</Path>
        <Checksum>EE69DF17F926634F8ADAC7E9D07B3746</Checksum>
      </Template>
      <Template>
        <Name>sys_clk_static.c</Name>
        <Path>Source Files/app/system_config/explorer1632/framework/system/clk/src</Path>
        <Checksum>A0AE6A7C71AF906122FDC5BCFF27499B</Checksum>
      </Template>
      <Template>
        <Name>system_definitions.h</Name>
        <Path>Header Files/app/system_config/explorer1632</Path>
        <Checksum>0FFE11D7C30D8F0989F4E6FD6D2FCFCD</Checksum>
      </Template>
      <Template>
        <Name>system_exceptions.c</Name>
        <Path>Source Files/app/system_config/explorer1632</Path>
        <Checksum>C111969CA43D6CEA1E9E33A6164E7AE0</Checksum>
      </Template>
      <Template>
        <Name>system_config.h</Name>
        <Path>Header Files/app/system_config/explorer1632</Path>
        <Checksum>EC0B41492EB058649E8F0152EDC8615C</Checksum>
      </Template>
      <Template>
        <Name>system_init.c</Name>
        <Path>Source Files/app/system_config/explorer1632</Path>
        <Checksum>1FCF7A901D10FAB3ED6F10366BFA73A0</Checksum>
      </Template>
      <Template>
        <Name>sys_clk_static.h</Name>
        <Path>Header Files/app/system_config/explorer1632/framework/system/clk</Path>
        <Checksum>B4BD59D8D7C4DA95DC5E3B57755FD352</Checksum>
      </Template>
      <Template>
        <Name>system_tasks.c</Name>
        <Path>Source Files/app/system_config/explorer1632</Path>
        <Checksum>BE644D0142ACA48D9CA2E6255A02CDBA</Checksum>
      </Template>
      <Template>
        <Name>app.h</Name>
        <Path>Header Files/app</Path>
      </Template>
      <Template>
        <Name>sys_ports_static.c</Name>
        <Path>Source Files/app/system_config/explorer1632/framework/system/ports/src</Path>
        <Checksum>6A20D17543F62C1D94A7DCC1E4559CA9</Checksum>
      </Template>
      <Template>
        <Name>drv_flash_static.h</Name>
        <Path>Header Files/app/system_config/explorer1632/framework/driver/flash</Path>
        <Checksum>4F0D9D850D035EFA4F7AF4159CE2DB2B</Checksum>
      </Template>
    </Templates>
    <CompilerItems>
      <C32>
        <Include value="C:\microchip\harmony\v1_10\apps\Example6\firmware\src"/>
        <Include value="C:\microchip\harmony\v1_10\apps\Example6\firmware\src\system_config\explorer1632"/>
        <Include value="C:\microchip\harmony\v1_10\apps\Example6\firmware\src\explorer1632"/>
        <Include value="C:\microchip\harmony\v1_10\framework"/>
        <Include value="C:\microchip\harmony\v1_10\apps\Example6\firmware\src\system_config\explorer1632\framework"/>
        <Include value="../../../../bsp/pic32mx470_pim+e16"/>
      </C32>
    </CompilerItems>
    <Libraries>
      <Library value="../../../../bin/framework/peripheral/PIC32MX470F512L_peripherals.a"/>
    </Libraries>
  </Manifest>
</configuration>
